language_cat,corpus,information_density,semantic_density
bcl,Bible_Full,-94.046425,90.778236
pan,Bible_Full,-108.9986,95.497208
pap,Bible_Full,-97.121696,101.15652
dje,Bible_Full,-101.57781,97.867706
pdc,Bible_Full,-104.20517,87.716698
pis,Bible_Full,-112.39976,89.22541
kan,Bible_Full,-91.835724,130.09021
sna,Bible_Full,-83.049988,116.32437
pmx,Bible_Full,-101.37469,95.94136
poh,Bible_Full,-122.26656,67.55117
pam,Bible_Full,-100.04986,89.06089
prs,Bible_Full,-102.66757,109.13888
tgl,Bible_Full,-102.97639,102.31976
quc,Bible_Full,-108.07399,77.585625
ind,Bible_Full,-94.224586,99.858734
qug,Bible_Full,-94.83123,127.13956
quy,Bible_Full,-82.101837,162.55347
qvi,Bible_Full,-103.24448,109.56579
qxr,Bible_Full,-85.588776,132.84061
rad,Bible_Full,-103.63757,88.822121
ria,Bible_Full,-113.29818,91.698555
qub,Bible_Full,-86.693794,154.08022
kor,Bible_Full,-85.907394,125.33783
pag,Bible_Full,-96.759094,86.203255
obl,Bible_Full,-117.25347,72.478035
ndo,Bible_Full,-93.449875,117.78083
nhe,Bible_Full,-105.19436,97.108673
nhw,Bible_Full,-105.68948,95.351563
niq,Bible_Full,-86.433662,115.24415
njm,Bible_Full,-92.032616,109.62108
njn,Bible_Full,-92.861732,111.89288
njo,Bible_Full,-86.097076,109.45103
njz,Bible_Full,-108.7446,92.44603
nmf,Bible_Full,-82.440872,129.55708
nng,Bible_Full,-111.3674,101.08291
nno,Bible_Full,-93.62384,98.688637
nnp,Bible_Full,-99.355339,104.41229
nor,Bible_Full,-95.946121,102.89929
nph,Bible_Full,-84.979057,112.75684
npo,Bible_Full,-97.727119,97.027695
nsa,Bible_Full,-76.771492,123.85798
nso,Bible_Full,-99.644989,104.49796
nst,Bible_Full,-135.93675,76.932991
nya,Bible_Full,-84.87011,97.588562
nyn,Bible_Full,-87.151169,108.48183
nzm,Bible_Full,-112.06332,82.135361
rop,Bible_Full,-107.8493,87.981903
sda,Bible_Full,-93.245323,97.691582
crp,Bible_Full,-108.89188,96.097015
sot,Bible_Full,-101.18385,103.25749
vap,Bible_Full,-110.41685,92.07579
ven,Bible_Full,-101.89971,90.016914
wbm,Bible_Full,-117.05087,91.294571
xpe,Bible_Full,-109.47983,82.885384
yao,Bible_Full,-97.726357,83.071411
yim,Bible_Full,-79.313797,121.82508
yor,Bible_Full,-104.16385,90.572441
zho,Bible_Full,-97.766106,105.99551
bos,Bible_Full,-92.650543,112.73312
zlm,Bible_Full,-89.599983,95.238701
afr,Bible_Full,-99.691902,101.08261
zom,Bible_Full,-101.49239,103.37792
zul,Bible_Full,-78.02562,145.7561
kek,Bible_Full,-119.80498,95.09668
nld,Bible_Full,-107.36234,101.77222
swe,Bible_Full,-104.79871,100.52212
ell,Bible_Full,-102.03239,103.26989
slv,Bible_Full,-100.65479,106.56138
ron,Bible_Full,-101.53904,98.766258
nep,Bible_Full,-117.49505,108.47658
lam,Bible_Full,-87.367958,117.59355
deu,Bible_Full,-98.037369,99.545334
nde,Bible_Full,-83.638962,152.76427
urd,Bible_Full,-116.48168,87.206543
tzo,Bible_Full,-114.49717,85.085022
sqi,Bible_Full,-102.82013,100.72243
ssw,Bible_Full,-88.115219,144.02992
suk,Bible_Full,-109.31989,68.718445
suz,Bible_Full,-102.49394,87.477051
swh,Bible_Full,-89.871094,81.736137
tam,Bible_Full,-80.990433,179.06648
tat,Bible_Full,-94.05584,142.9816
teo,Bible_Full,-81.082474,124.45765
tgk,Bible_Full,-96.836113,115.78526
tha,Bible_Full,-119.35699,56.57383
tih,Bible_Full,-96.516899,88.36235
ita,Bible_Full,-99.142769,103.90021
tob,Bible_Full,-110.39568,79.805603
rus,Bible_Full,-89.924057,111.31193
toi,Bible_Full,-82.506958,125.76452
ton,Bible_Full,-110.86612,87.314064
trp,Bible_Full,-97.402885,106.33657
tsn,Bible_Full,-105.83839,92.430504
tso,Bible_Full,-105.89523,84.491013
tyv,Bible_Full,-97.351555,120.89532
tzh,Bible_Full,-103.4304,90.375786
ukr,Bible_Full,-92.243462,119.8412
xho,Bible_Full,-84.926605,122.17849
lat,Bible_Full,-85.455528,115.77935
ndc,Bible_Full,-85.049469,125.40141
gui,Bible_Full,-85.142097,100.35627
gub,Bible_Full,-120.31989,76.521263
gnb,Bible_Full,-110.35006,93.162109
gla,Bible_Full,-102.55745,92.128853
gkp,Bible_Full,-109.80972,83.06411
fij,Bible_Full,-109.52489,90.1334
fas,Bible_Full,-97.901436,120.39854
fao,Bible_Full,-98.770195,99.840851
eza,Bible_Full,-124.24277,68.481476
guj,Bible_Full,-102.14355,115.47482
esu,Bible_Full,-69.797699,194.13242
enl,Bible_Full,-88.078087,79.431145
dtp,Bible_Full,-119.82142,77.804451
djk,Bible_Full,-107.31242,96.544594
cym,Bible_Full,-100.23878,94.243286
cuk,Bible_Full,-80.74826,157.50037
ctd,Bible_Full,-106.05238,95.047073
csy,Bible_Full,-102.75764,97.261078
crs,Bible_Full,-87.999031,102.17284
crh,Bible_Full,-86.799438,145.98512
enx,Bible_Full,-103.90199,77.538803
gun,Bible_Full,-97.39389,93.537659
hau,Bible_Full,-93.763023,97.657791
hil,Bible_Full,-98.275948,90.992203
kua,Bible_Full,-98.17765,105.00698
kss,Bible_Full,-158.70616,67.450813
kmm,Bible_Full,-98.397995,100.51255
kjb,Bible_Full,-116.44209,75.607681
kix,Bible_Full,-89.623596,103.79839
kik,Bible_Full,-98.172455,77.056435
kdi,Bible_Full,-104.07784,83.941269
kac,Bible_Full,-138.48076,74.617332
jra,Bible_Full,-132.66008,75.656189
jav,Bible_Full,-105.80404,97.149971
izz,Bible_Full,-119.80019,69.237907
ium,Bible_Full,-105.86282,82.281189
iqw,Bible_Full,-118.37255,70.530487
ilo,Bible_Full,-87.227768,111.4012
iku,Bible_Full,-71.717041,204.58914
ify,Bible_Full,-104.18157,81.801147
ifa,Bible_Full,-103.97417,90.396843
ibo,Bible_Full,-97.051468,93.389297
iba,Bible_Full,-90.764618,84.15229
hra,Bible_Full,-98.641525,103.06259
hnj,Bible_Full,-115.86179,75.358627
ckb,Bible_Full,-90.048973,140.03645
che,Bible_Full,-103.61444,97.983543
cfm,Bible_Full,-107.92505,88.65477
cak,Bible_Full,-111.95132,76.65049
mck,Bible_Full,-93.429749,78.656837
mdy,Bible_Full,-98.850906,108.80409
mjw,Bible_Full,-90.335228,102.16882
mkd,Bible_Full,-93.32106,107.11703
mri,Bible_Full,-107.97145,97.456215
mlg,Bible_Full,-97.265228,96.608765
nob,Bible_Full,-97.83567,100.52065
bul,Bible_Full,-95.765198,107.12698
mon,Bible_Full,-93.756531,127.35188
mps,Bible_Full,-151.48895,71.098122
mua,Bible_Full,-96.831696,97.76503
mww,Bible_Full,-116.22761,78.430481
mzh,Bible_Full,-94.49614,99.223946
naq,Bible_Full,-101.66384,94.06044
nav,Bible_Full,-100.35692,93.755241
fra,Bible_Full,-102.45472,99.512161
nbc,Bible_Full,-88.747078,112.93179
som,Bible_Full,-111.22764,101.87099
nbe,Bible_Full,-95.115746,111.6783
nbl,Bible_Full,-83.758446,160.65488
nch,Bible_Full,-105.06415,95.903984
mar,Bible_Full,-101.68177,125.91381
hin,Bible_Full,-110.77612,99.393539
mam,Bible_Full,-101.25698,80.430336
hun,Bible_Full,-93.963234,121.3307
cag,Bible_Full,-95.682747,92.518692
cac,Bible_Full,-115.64654,70.941833
btx,Bible_Full,-91.735199,102.54056
bth,Bible_Full,-87.947144,93.59938
bru,Bible_Full,-108.74934,82.900856
bom,Bible_Full,-113.87518,85.675476
biu,Bible_Full,-108.38072,93.461426
ben,Bible_Full,-98.975922,108.00407
bem,Bible_Full,-104.9267,78.902763
lhu,Bible_Full,-129.06354,88.426842
ban,Bible_Full,-113.06382,85.035294
ayr,Bible_Full,-94.181465,160.29788
ara,Bible_Full,-85.310089,169.32889
agw,Bible_Full,-108.54362,78.845512
adi,Bible_Full,-96.797028,120.5949
acn,Bible_Full,-100.47106,88.527779
ach,Bible_Full,-103.26469,93.188438
arb,Bible_Full,-78.075287,126.12762
loz,Bible_Full,-101.8548,90.481133
ces,Bible_Full,-96.466171,106.56935
lug,Bible_Full,-89.894867,108.87614
lus,Bible_Full,-102.7198,97.897324
heb,Bible_Full,-74.426086,132.25705
pes,Bible_Full,-101.64336,108.397
leh,Bible_Full,-93.331459,90.49398
dan,Bible_Full,-93.2108,104.34074
lit,Bible_Full,-80.153641,118.20803
eng,Bible_Full,-100,100
mal,Bible_Full,-76.501778,135.71463
amh,Bible_Full,-81.865768,132.82143
plt,Bible_Full,-99.270462,103.77974
ceb,Bible_Full,-106.95113,103.15982
slk,Bible_Full,-98.025505,105.62704
jpn,Bible_Full,-140.53644,99.856339
vie,Bible_Full,-108.5284,98.332794
apr,Bible_Full,-112.05972,110.00349
cmn,Bible_Full,-116.38915,102.06859
aln,Bible_Full,-105.12423,102.37048
pol,Bible_Full,-95.573257,108.34818
fin,Bible_Full,-90.669533,115.19884
spa,Bible_Full,-99.313454,102.59364
isl,Bible_Full,-99.251747,106.27813
tel,Bible_Full,-87.107315,138.83255
mya,Bible_Full,-67.719612,167.25168
epo,Bible_Full,-92.981789,105.32531
por,Bible_Full,-98.741592,103.33376
pck,Bible_Full,-104.85177,104.70665
tur,Bible_Full,-85.97934,123.94858
kbc,Bible_NT,-114.54021,114.17925
kgp,Bible_NT,-163.10966,64.987755
kgk,Bible_NT,-151.91638,81.892448
kpw,Bible_NT,-144.54906,44.529034
kqo,Bible_NT,-129.29715,60.532658
kab,Bible_NT,-96.201508,136.9998
kpx,Bible_NT,-109.50799,91.998634
kgf,Bible_NT,-105.75825,102.91994
kew,Bible_NT,-124.9444,74.946434
ken,Bible_NT,-121.65118,80.524071
kek,Bible_NT,-106.31792,93.975418
kdl,Bible_NT,-120.02297,64.301865
kqe,Bible_NT,-122.01934,70.66584
khs,Bible_NT,-146.90195,72.433151
kdc,Bible_NT,-89.651131,117.92883
kck,Bible_NT,-89.308037,129.83908
kbq,Bible_NT,-109.52509,161.78711
kbp,Bible_NT,-104.36583,116.90799
kbm,Bible_NT,-142.44897,51.869316
kbh,Bible_NT,-121.57873,113.92524
kaq,Bible_NT,-102.25127,133.96785
kde,Bible_NT,-91.02607,143.97133
kne,Bible_NT,-116.15839,100.94676
khy,Bible_NT,-92.742981,124.86421
kmu,Bible_NT,-136.97386,100.43252
knj,Bible_NT,-148.69662,53.085205
kms,Bible_NT,-138.724,43.473904
kmr,Bible_NT,-100.89418,113.11549
kmo,Bible_NT,-115.49211,85.030945
kmk,Bible_NT,-110.93536,106.64349
kmh,Bible_NT,-126.18279,57.201141
klv,Bible_NT,-108.91418,92.913101
kki,Bible_NT,-87.175423,167.2382
kjs,Bible_NT,-124.56952,76.837013
knf,Bible_NT,-99.661148,107.99368
knv,Bible_NT,-147.82318,63.953812
kje,Bible_NT,-131.09506,62.880524
kja,Bible_NT,-89.960197,179.17645
kiz,Bible_NT,-110.67638,88.478096
kin,Bible_NT,-89.864563,161.84441
jvn,Bible_NT,-113.49643,79.923531
kpf,Bible_NT,-105.83327,96.379486
kia,Bible_NT,-105.04636,66.715195
kpg,Bible_NT,-116.80757,51.951927
khz,Bible_NT,-105.42156,107.48789
kpj,Bible_NT,-85.833961,196.58211
kog,Bible_NT,-131.82314,108.62955
kpr,Bible_NT,-145.36079,55.821278
jic,Bible_NT,-145.01549,56.959869
jiv,Bible_NT,-92.770699,186.13339
hne,Bible_NT,-115.48838,86.949921
hla,Bible_NT,-145.44403,54.068813
hix,Bible_NT,-166.46878,70.534851
hin,Bible_NT,-116.91147,88.85743
heg,Bible_NT,-159.10728,45.099781
hch,Bible_NT,-83.36908,188.05258
hau,Bible_NT,-101.13569,89.774689
gyr,Bible_NT,-101.67146,98.659492
gym,Bible_NT,-159.27129,47.770432
gya,Bible_NT,-106.86275,82.913528
gwi,Bible_NT,-105.57883,108.67998
gvn,Bible_NT,-106.16263,100.46304
gvl,Bible_NT,-138.51347,55.920986
hns,Bible_NT,-110.71458,66.070183
gvf,Bible_NT,-139.22101,49.454338
gur,Bible_NT,-104.30225,78.321808
guo,Bible_NT,-117.92352,119.58591
gum,Bible_NT,-124.30138,114.02207
gul,Bible_NT,-129.20714,51.041027
guj,Bible_NT,-127.25587,112.62176
gui,Bible_NT,-101.91177,80.920723
guh,Bible_NT,-134.30263,121.20586
gud,Bible_NT,-112.78249,97.966087
guc,Bible_NT,-130.03622,85.735786
gso,Bible_NT,-109.39296,68.823151
grn,Bible_NT,-94.635765,135.61873
grc,Bible_NT,-91.409447,153.54596
gqr,Bible_NT,-116.54939,68.787308
gvc,Bible_NT,-143.29375,65.255547
hop,Bible_NT,-96.816216,141.19479
hrv,Bible_NT,-95.242859,150.29086
hto,Bible_NT,-117.51747,120.52428
kqp,Bible_NT,-126.68365,63.301331
jam,Bible_NT,-122.80414,52.583145
jai,Bible_NT,-122.6814,89.145638
jac,Bible_NT,-123.84518,85.861916
ixl,Bible_NT,-134.50114,75.923294
iws,Bible_NT,-175.94011,72.013992
ivv,Bible_NT,-115.4052,92.103737
ivb,Bible_NT,-132.29668,90.699287
ita,Bible_NT,-111.30836,101.77482
isd,Bible_NT,-123.86727,81.766632
ipi,Bible_NT,-161.01675,42.151386
iou,Bible_NT,-128.36461,69.8032
ino,Bible_NT,-149.95305,82.248383
ind,Bible_NT,-112.79449,80.863533
inb,Bible_NT,-105.37267,145.37685
imo,Bible_NT,-158.3763,50.335262
ilb,Bible_NT,-92.211388,135.23894
ikw,Bible_NT,-93.579231,78.574837
ikk,Bible_NT,-111.22297,95.229065
ign,Bible_NT,-107.5212,168.84933
ifu,Bible_NT,-123.7696,87.025536
icr,Bible_NT,-125.70917,55.814369
ibo,Bible_NT,-127.99706,70.986526
ian,Bible_NT,-120.43625,86.227379
hye,Bible_NT,-89.23761,177.24744
huv,Bible_NT,-111.56644,84.273499
huu,Bible_NT,-101.64744,103.00928
hus,Bible_NT,-129.8235,65.215424
hun,Bible_NT,-93.960472,192.30632
jra,Bible_NT,-116.34734,47.95953
krj,Bible_NT,-115.98196,91.35984
mcn,Bible_NT,-97.923767,100.2979
ksf,Bible_NT,-122.51728,82.00238
mca,Bible_NT,-116.36942,110.42554
mlg,Bible_NT,-90.019112,121.87507
mlh,Bible_NT,-142.85367,79.342789
mlp,Bible_NT,-152.44325,56.857582
mmn,Bible_NT,-128.0327,74.349182
mmo,Bible_NT,-125.45261,66.891174
mmx,Bible_NT,-137.0762,43.27364
mna,Bible_NT,-130.92143,54.093334
moc,Bible_NT,-109.97003,97.013283
mop,Bible_NT,-144.92873,63.086109
mos,Bible_NT,-104.08569,133.15463
mox,Bible_NT,-118.68661,86.967743
mpg,Bible_NT,-111.02539,67.058022
mks,Bible_NT,-152.98842,48.318798
mpm,Bible_NT,-150.79141,63.845554
mpx,Bible_NT,-114.06013,70.353157
mqb,Bible_NT,-147.7382,46.056068
mqj,Bible_NT,-99.315132,106.96463
mqy,Bible_NT,-106.53671,88.17569
mrg,Bible_NT,-93.445038,194.22339
msb,Bible_NT,-106.64035,109.06527
mse,Bible_NT,-104.07617,92.056458
msk,Bible_NT,-129.97775,85.137901
mbt,Bible_NT,-110.2223,91.184143
msm,Bible_NT,-111.29775,102.35844
msy,Bible_NT,-125.15779,78.309052
mta,Bible_NT,-126.91881,67.328247
mtg,Bible_NT,-211.1655,58.136002
mpt,Bible_NT,-158.20653,66.982925
mti,Bible_NT,-92.458611,101.61786
mkn,Bible_NT,-141.12082,54.484257
mkd,Bible_NT,-99.24736,136.09557
mcd,Bible_NT,-128.92146,110.002
mco,Bible_NT,-124.01776,110.79517
mcp,Bible_NT,-128.51323,77.703606
mcq,Bible_NT,-106.6811,118.22398
mdy,Bible_NT,-99.346107,146.80254
med,Bible_NT,-138.11626,45.616348
mee,Bible_NT,-147.19342,53.706341
mek,Bible_NT,-130.79024,80.493401
meq,Bible_NT,-140.52148,52.324162
mfe,Bible_NT,-90.772995,101.38746
mfk,Bible_NT,-116.70138,87.452782
mfy,Bible_NT,-108.13809,139.37997
mgh,Bible_NT,-96.538506,115.22768
mkl,Bible_NT,-116.05158,66.805641
mhl,Bible_NT,-115.58537,84.4589
mic,Bible_NT,-106.26707,146.07681
mie,Bible_NT,-127.29817,60.421322
mig,Bible_NT,-104.89444,104.81284
mih,Bible_NT,-119.85873,57.897064
mil,Bible_NT,-166.24208,62.699257
mio,Bible_NT,-124.84424,60.695065
miq,Bible_NT,-112.53152,65.512123
mir,Bible_NT,-111.80901,112.93681
mcb,Bible_NT,-94.330872,161.24326
mit,Bible_NT,-131.32033,84.756821
miy,Bible_NT,-134.42052,48.324345
miz,Bible_NT,-137.78809,65.768433
mjc,Bible_NT,-130.43059,53.878181
mib,Bible_NT,-129.8894,57.744286
ksc,Bible_NT,-106.41284,139.51451
mto,Bible_NT,-124.8435,97.063339
mux,Bible_NT,-177.39293,50.314518
lex,Bible_NT,-149.22556,77.602974
leu,Bible_NT,-121.67805,53.920696
lcm,Bible_NT,-118.67485,44.14642
lbk,Bible_NT,-109.43707,114.4442
lav,Bible_NT,-85.372269,178.61024
laj,Bible_NT,-99.14753,104.90245
lai,Bible_NT,-101.40724,95.857964
lac,Bible_NT,-169.94447,61.807117
kze,Bible_NT,-100.13358,165.18304
kyz,Bible_NT,-176.11629,66.82328
kyu,Bible_NT,-138.92044,101.97094
kyq,Bible_NT,-132.18208,74.228729
kyg,Bible_NT,-127.33886,82.615883
lgm,Bible_NT,-81.446182,132.39537
kyf,Bible_NT,-108.90952,83.974731
kwj,Bible_NT,-146.21252,58.786873
kwi,Bible_NT,-106.05407,124.09103
kwd,Bible_NT,-139.4044,47.884041
kvn,Bible_NT,-100.18236,160.49969
kvj,Bible_NT,-111.22173,69.953064
kup,Bible_NT,-163.00565,58.983772
kum,Bible_NT,-97.772598,149.37064
kue,Bible_NT,-120.32178,64.536415
kud,Bible_NT,-97.001984,128.21448
ktu,Bible_NT,-86.084114,92.218536
kto,Bible_NT,-152.34776,60.363571
mcf,Bible_NT,-127.38657,107.21777
ksr,Bible_NT,-142.44904,82.092285
kxw,Bible_NT,-133.61258,58.798077
mbs,Bible_NT,-113.33095,68.717087
lhi,Bible_NT,-174.73233,23.509951
lif,Bible_NT,-99.19416,160.96214
muy,Bible_NT,-139.85693,62.675049
mva,Bible_NT,-117.40418,106.22693
mvn,Bible_NT,-126.38354,89.039551
mbl,Bible_NT,-108.07488,74.359032
mwm,Bible_NT,-128.09978,69.540092
mbj,Bible_NT,-151.31624,54.287434
mxb,Bible_NT,-142.08417,49.970253
mxp,Bible_NT,-115.11679,119.92194
mxq,Bible_NT,-101.60632,128.26236
mbi,Bible_NT,-145.04948,78.42318
mbh,Bible_NT,-142.3123,62.85619
mbd,Bible_NT,-127.64314,101.03745
mbc,Bible_NT,-127.36947,85.643044
lid,Bible_NT,-140.24159,54.425228
mbb,Bible_NT,-136.73592,78.30011
mav,Bible_NT,-216.45988,56.557285
maq,Bible_NT,-132.27547,69.863358
mam,Bible_NT,-134.52344,70.770584
maj,Bible_NT,-104.94527,102.28416
mai,Bible_NT,-122.53663,96.402252
maf,Bible_NT,-89.920822,106.90325
maa,Bible_NT,-115.72478,90.612625
lww,Bible_NT,-182.58273,58.173286
lom,Bible_NT,-128.8152,67.233963
lol,Bible_NT,-83.302757,152.17818
lmp,Bible_NT,-123.24286,59.739227
lmk,Bible_NT,-114.81002,73.151482
lit,Bible_NT,-83.950317,197.40685
maz,Bible_NT,-146.19473,67.49192
ktj,Bible_NT,-162.66554,51.971085
cbu,Bible_NT,-124.4278,151.55791
mxt,Bible_NT,-125.77374,63.087513
tte,Bible_NT,-108.80313,106.00037
ttc,Bible_NT,-125.5496,69.601791
tsz,Bible_NT,-86.076088,172.5891
tsw,Bible_NT,-127.16766,60.231743
tsg,Bible_NT,-141.40332,73.272026
trc,Bible_NT,-174.4507,41.933426
tpz,Bible_NT,-167.28592,42.44759
tpt,Bible_NT,-99.812073,126.75694
tpp,Bible_NT,-94.916092,145.83087
top,Bible_NT,-105.95309,130.24948
too,Bible_NT,-99.134155,121.16402
ton,Bible_NT,-125.23188,79.295807
toj,Bible_NT,-149.33527,65.398026
toc,Bible_NT,-135.34846,94.66658
tob,Bible_NT,-118.06126,92.482613
tnp,Bible_NT,-126.61901,87.439835
tnn,Bible_NT,-122.57383,91.412895
ttq,Bible_NT,-102.64052,145.74345
tnk,Bible_NT,-126.86095,64.42205
tuc,Bible_NT,-143.36426,48.038048
tuf,Bible_NT,-142.99402,65.146179
urd,Bible_NT,-107.65781,109.18495
urb,Bible_NT,-162.43069,52.065983
ura,Bible_NT,-123.04054,106.87145
upv,Bible_NT,-123.063,85.246346
ukr,Bible_NT,-94.554985,165.41063
uig,Bible_NT,-105.32582,168.38582
udu,Bible_NT,-136.31412,68.007706
ubu,Bible_NT,-180.62862,48.210911
ubr,Bible_NT,-118.58434,85.349831
tzo,Bible_NT,-126.52182,82.691231
tzj,Bible_NT,-146.13567,59.277542
txu,Bible_NT,-189.62291,60.234913
txq,Bible_NT,-156.66188,46.382549
twi,Bible_NT,-95.354965,127.09948
tvk,Bible_NT,-148.64667,54.452332
tuo,Bible_NT,-122.27068,92.681801
tui,Bible_NT,-130.10236,62.465935
tue,Bible_NT,-96.451096,138.67964
tna,Bible_NT,-111.90394,78.225914
tmh,Bible_NT,-101.34254,177.34444
tmd,Bible_NT,-146.88715,45.150818
tav,Bible_NT,-154.37312,82.52446
taj,Bible_NT,-105.7827,87.475685
tac,Bible_NT,-138.5658,84.16433
syr,Bible_NT,-75.61441,217.45157
syb,Bible_NT,-126.17233,77.349907
sxb,Bible_NT,-110.78226,93.735756
swh,Bible_NT,-90.036156,118.9634
swe,Bible_NT,-102.98106,108.5694
sus,Bible_NT,-104.42272,88.437782
sue,Bible_NT,-121.70741,73.303207
suc,Bible_NT,-125.20544,78.814774
sua,Bible_NT,-226.8166,29.961243
stp,Bible_NT,-204.14555,45.319405
ssg,Bible_NT,-111.20375,75.332947
ssd,Bible_NT,-108.55907,69.700592
srq,Bible_NT,-121.0751,81.027504
srp,Bible_NT,-92.234154,149.31314
taw,Bible_NT,-131.47699,51.571068
tbc,Bible_NT,-145.67166,59.444397
tbg,Bible_NT,-144.46967,72.390411
tbk,Bible_NT,-189.50047,66.872086
tlf,Bible_NT,-205.81133,45.465267
tku,Bible_NT,-87.46962,139.2332
tke,Bible_NT,-86.974358,145.02274
tiy,Bible_NT,-119.27221,75.989365
tim,Bible_NT,-124.91417,82.49823
tif,Bible_NT,-210.45586,59.344734
tha,Bible_NT,-128.65656,52.33271
tgp,Bible_NT,-111.04473,69.7425
urt,Bible_NT,-129.23904,47.303738
tgo,Bible_NT,-112.80992,87.390747
tet,Bible_NT,-124.43477,48.009903
ter,Bible_NT,-119.56248,101.699
tee,Bible_NT,-122.46353,102.36098
ted,Bible_NT,-162.91693,51.685501
tcs,Bible_NT,-129.3631,60.194473
tcc,Bible_NT,-86.862373,165.82341
tca,Bible_NT,-135.62904,93.047981
tbo,Bible_NT,-105.74413,85.356941
tfr,Bible_NT,-119.37846,59.479088
usa,Bible_NT,-109.68063,169.70892
usp,Bible_NT,-124.91983,66.921867
uvl,Bible_NT,-133.31602,55.375217
zar,Bible_NT,-117.6068,78.449753
zao,Bible_NT,-110.81903,73.02179
zam,Bible_NT,-201.88567,47.109634
zai,Bible_NT,-103.54657,67.326103
zae,Bible_NT,-141.47194,80.453568
zad,Bible_NT,-106.88589,106.4903
zac,Bible_NT,-119.84437,73.871422
zab,Bible_NT,-106.89268,109.46752
zaa,Bible_NT,-146.45782,75.966537
yva,Bible_NT,-142.59586,58.715645
yut,Bible_NT,-117.25531,70.479286
yuj,Bible_NT,-139.15985,69.853081
yua,Bible_NT,-113.20938,95.206223
yss,Bible_NT,-123.74204,66.952812
yre,Bible_NT,-131.73466,51.486622
yrb,Bible_NT,-107.5602,82.668602
yon,Bible_NT,-118.82005,98.139648
zas,Bible_NT,-104.11749,97.128624
zat,Bible_NT,-109.46419,92.892914
zav,Bible_NT,-130.06229,91.523994
zaw,Bible_NT,-100.53348,132.14079
zty,Bible_NT,-119.00084,78.86087
ztq,Bible_NT,-96.618698,88.436806
zsr,Bible_NT,-115.04469,79.380959
zpz,Bible_NT,-136.9687,56.018944
zpv,Bible_NT,-129.37343,83.274445
zpu,Bible_NT,-116.86935,94.985283
zpt,Bible_NT,-110.99496,69.284386
zpq,Bible_NT,-121.11311,96.181252
yom,Bible_NT,-100.23344,98.862144
zpo,Bible_NT,-106.91408,73.000298
zpl,Bible_NT,-116.13389,86.638878
zpi,Bible_NT,-105.04039,81.630753
zpc,Bible_NT,-124.55919,88.323013
zos,Bible_NT,-113.9752,128.51933
ziw,Bible_NT,-92.858131,129.48956
zia,Bible_NT,-127.09338,76.042801
zho,Bible_NT,-110.8264,108.73239
zca,Bible_NT,-118.4945,79.078773
zpm,Bible_NT,-127.40393,76.487534
srn,Bible_NT,-107.71536,59.32497
yml,Bible_NT,-120.79141,80.248505
yka,Bible_NT,-113.21915,103.36266
wrs,Bible_NT,-132.02258,117.21351
wol,Bible_NT,-100.27904,87.216713
wnu,Bible_NT,-120.17235,80.61956
wnc,Bible_NT,-145.38947,73.048782
wmw,Bible_NT,-92.183823,138.2854
wiu,Bible_NT,-139.90228,66.807388
wim,Bible_NT,-165.60616,71.203209
whk,Bible_NT,-123.75274,53.629032
wer,Bible_NT,-122.7163,66.73877
wbp,Bible_NT,-152.43292,111.22122
wap,Bible_NT,-114.86763,103.39829
wal,Bible_NT,-88.821663,162.22536
waj,Bible_NT,-141.89865,63.590218
vut,Bible_NT,-116.5866,85.691269
vmy,Bible_NT,-98.012482,114.32952
viv,Bible_NT,-120.79701,100.44913
vid,Bible_NT,-95.339813,121.42946
wuv,Bible_NT,-94.309715,105.31303
xav,Bible_NT,-207.66878,53.405388
xla,Bible_NT,-126.60825,70.823769
xnn,Bible_NT,-115.6841,114.80411
ycn,Bible_NT,-136.71588,76.123947
yby,Bible_NT,-134.77083,94.464798
yaq,Bible_NT,-141.73988,78.593071
yan,Bible_NT,-104.1596,106.21324
yam,Bible_NT,-135.86781,61.174095
yal,Bible_NT,-104.9202,79.832619
yad,Bible_NT,-98.664024,174.18622
yaa,Bible_NT,-130.41827,103.73076
yle,Bible_NT,-147.57483,39.87859
xuo,Bible_NT,-149.07027,44.875961
xtm,Bible_NT,-143.28448,57.449955
xtd,Bible_NT,-120.06628,83.659851
xsr,Bible_NT,-111.9534,77.48024
xsm,Bible_NT,-138.20596,56.355854
xsi,Bible_NT,-154.19383,40.484604
xsb,Bible_NT,-125.99261,80.29911
xon,Bible_NT,-109.26636,74.402946
xog,Bible_NT,-89.256279,169.34541
xtn,Bible_NT,-125.78189,63.505554
gof,Bible_NT,-84.089203,180.48349
srm,Bible_NT,-170.4299,54.852005
sqi,Bible_NT,-99.533058,124.69499
nya,Bible_NT,-90.227585,144.66835
nxd,Bible_NT,-86.023514,148.22789
nwi,Bible_NT,-125.03131,74.200645
nvm,Bible_NT,-146.63097,73.409142
nuy,Bible_NT,-113.34115,123.57195
ntp,Bible_NT,-106.325,108.49471
nsn,Bible_NT,-137.01674,63.857708
nse,Bible_NT,-90.633018,121.39299
nri,Bible_NT,-96.9608,173.24098
npl,Bible_NT,-90.138687,140.57549
nou,Bible_NT,-130.38872,66.012733
not,Bible_NT,-93.90789,162.85091
nop,Bible_NT,-107.20374,111.52934
nog,Bible_NT,-91.365059,181.21719
noa,Bible_NT,-174.6956,72.321075
nnq,Bible_NT,-93.218773,128.81862
nnh,Bible_NT,-139.75081,56.433094
obl,Bible_NT,-130.58269,71.991692
nnb,Bible_NT,-82.754425,191.91704
obo,Bible_NT,-132.2858,53.064297
oji,Bible_NT,-102.12827,179.6113
pfe,Bible_NT,-104.34729,91.16555
pbb,Bible_NT,-98.562988,134.67921
pao,Bible_NT,-92.412827,142.13609
pah,Bible_NT,-149.43893,99.295616
pad,Bible_NT,-143.67416,86.875168
pab,Bible_NT,-96.857399,137.00655
oym,Bible_NT,-166.90196,68.441628
otq,Bible_NT,-105.79147,83.246559
otn,Bible_NT,-140.5881,60.637592
otm,Bible_NT,-136.95483,61.937943
ote,Bible_NT,-135.83951,58.419888
opm,Bible_NT,-181.10329,60.139729
ood,Bible_NT,-128.39091,73.903069
ons,Bible_NT,-141.05052,82.645187
ong,Bible_NT,-143.16939,56.158962
omw,Bible_NT,-149.92189,68.854263
okv,Bible_NT,-108.68605,82.500801
ojb,Bible_NT,-104.39103,177.75444
nmo,Bible_NT,-98.551918,136.2836
nma,Bible_NT,-112.98611,94.239876
nko,Bible_NT,-104.08768,97.332268
nct,Bible_NT,-118.27216,110.26054
ncl,Bible_NT,-139.52672,103.26993
ncj,Bible_NT,-92.587639,144.03432
nca,Bible_NT,-109.53766,74.851494
nas,Bible_NT,-100.23798,164.12978
nak,Bible_NT,-154.28085,61.866844
naf,Bible_NT,-132.58926,92.34359
nab,Bible_NT,-115.92504,197.53227
mzl,Bible_NT,-119.19823,113.73482
mzh,Bible_NT,-98.424942,153.44498
mza,Bible_NT,-149.48006,61.753315
myy,Bible_NT,-143.3511,75.764412
myw,Bible_NT,-88.811401,128.2079
myu,Bible_NT,-143.46066,86.460869
myk,Bible_NT,-131.89424,59.093262
myb,Bible_NT,-107.18389,90.8274
mya,Bible_NT,-72.356934,189.66739
ncu,Bible_NT,-140.55782,69.396255
ndi,Bible_NT,-129.74701,57.982162
ndj,Bible_NT,-91.391434,124.27756
nds,Bible_NT,-101.06265,102.67991
njb,Bible_NT,-110.13688,118.33736
niy,Bible_NT,-145.20338,70.420128
niq,Bible_NT,-85.156845,151.48805
nin,Bible_NT,-124.82197,56.226112
nii,Bible_NT,-155.12607,49.031696
nhy,Bible_NT,-107.66236,99.749344
nhx,Bible_NT,-90.699333,135.66637
nhu,Bible_NT,-139.39595,53.109116
pib,Bible_NT,-74.835403,204.33932
nhr,Bible_NT,-127.77441,67.974426
nhi,Bible_NT,-95.904137,135.77515
nhg,Bible_NT,-103.16412,119.8325
nhe,Bible_NT,-111.34174,118.87999
ngu,Bible_NT,-103.32718,116.95744
ngp,Bible_NT,-98.003151,120.22688
ngc,Bible_NT,-90.544243,119.97563
nfa,Bible_NT,-143.57382,50.943977
new,Bible_NT,-100.03828,120.5214
nho,Bible_NT,-132.84912,57.936047
pio,Bible_NT,-146.25813,72.731094
pir,Bible_NT,-134.64703,71.926132
plg,Bible_NT,-113.94267,103.69898
shi,Bible_NT,-79.388161,224.95276
sgz,Bible_NT,-159.45735,37.768013
sgb,Bible_NT,-118.91151,78.009117
ses,Bible_NT,-97.092438,91.026917
seh,Bible_NT,-96.586784,104.39109
sbl,Bible_NT,-124.54252,80.620026
sba,Bible_NT,-125.9964,66.929405
sat,Bible_NT,-110.4508,125.19743
sag,Bible_NT,-114.64298,56.130009
sab,Bible_NT,-196.35538,57.110294
rwo,Bible_NT,-142.83232,73.918068
rus,Bible_NT,-87.427048,171.64734
ruf,Bible_NT,-89.648018,122.69527
rro,Bible_NT,-101.19572,107.86266
roo,Bible_NT,-154.3911,82.957031
ron,Bible_NT,-97.483994,118.31448
rmy,Bible_NT,-97.661736,90.883347
shp,Bible_NT,-106.10477,131.31519
shu,Bible_NT,-99.069923,136.25577
sim,Bible_NT,-148.84544,57.623016
sja,Bible_NT,-114.8416,83.909386
sps,Bible_NT,-160.584,43.105633
spp,Bible_NT,-128.58005,72.883041
spl,Bible_NT,-144.77798,59.798569
spa,Bible_NT,-104.85359,119.22447
soy,Bible_NT,-115.03928,85.61145
soq,Bible_NT,-128.45444,105.40489
sop,Bible_NT,-90.839127,143.14908
sny,Bible_NT,-166.75551,46.832642
rmn,Bible_NT,-101.0066,86.671158
snp,Bible_NT,-133.4991,65.276619
snf,Bible_NT,-104.85811,136.39371
snd,Bible_NT,-120.46953,90.139847
snc,Bible_NT,-112.3987,97.467636
smo,Bible_NT,-113.05495,73.817627
smk,Bible_NT,-130.6581,82.087257
slv,Bible_NT,-103.07603,138.12964
sll,Bible_NT,-144.28496,53.602432
slk,Bible_NT,-87.772781,159.64247
snn,Bible_NT,-136.45235,74.308815
sri,Bible_NT,-113.48797,99.198509
rmc,Bible_NT,-97.998856,101.3901
rim,Bible_NT,-98.105118,133.73247
ptp,Bible_NT,-132.42484,49.738453
pri,Bible_NT,-132.77826,61.505013
prf,Bible_NT,-103.53257,107.99501
pps,Bible_NT,-101.40929,94.470596
ppo,Bible_NT,-148.93018,64.193642
ppk,Bible_NT,-113.02101,91.334671
poy,Bible_NT,-95.298256,120.00399
por,Bible_NT,-106.16882,107.3717
pol,Bible_NT,-93.66024,166.20284
poh,Bible_NT,-224.19464,45.87315
poe,Bible_NT,-107.02849,96.211777
pne,Bible_NT,-110.8293,63.527542
pma,Bible_NT,-133.08104,70.238724
plw,Bible_NT,-114.40982,113.91892
plu,Bible_NT,-136.95364,74.322006
plt,Bible_NT,-97.236832,121.03825
pls,Bible_NT,-113.61046,86.878662
ptu,Bible_NT,-114.38499,96.977188
pwg,Bible_NT,-108.58122,86.40728
quc,Bible_NT,-136.35219,62.208408
quf,Bible_NT,-112.87338,151.49149
rar,Bible_NT,-125.68951,61.634003
rai,Bible_NT,-124.10255,47.885128
qxo,Bible_NT,-100.75426,179.06348
qxn,Bible_NT,-110.74848,173.51649
qxh,Bible_NT,-86.06694,193.70639
qwh,Bible_NT,-96.031105,206.42017
qvz,Bible_NT,-105.85798,143.77188
qvw,Bible_NT,-84.74868,257.78308
rkb,Bible_NT,-135.60727,99.550186
qvs,Bible_NT,-103.4349,141.90935
qvm,Bible_NT,-93.861603,162.48233
qve,Bible_NT,-123.19875,128.87419
qvc,Bible_NT,-112.57172,151.52609
quw,Bible_NT,-79.763237,177.70616
qup,Bible_NT,-120.65511,130.22635
qul,Bible_NT,-79.002075,226.66573
quh,Bible_NT,-98.631828,186.76083
qug,Bible_NT,-95.679489,178.50714
qvn,Bible_NT,-101.82288,183.87918
gnw,Bible_NT,-101.94879,84.993065
zyp,Bible_NT,-118.47005,66.244301
gmv,Bible_NT,-89.751015,169.67213
bkq,Bible_NT,-131.22148,101.43179
bkd,Bible_NT,-104.07051,91.338997
bjv,Bible_NT,-125.64745,62.510162
bjr,Bible_NT,-143.24187,103.14598
big,Bible_NT,-148.57568,62.650402
bhl,Bible_NT,-176.0045,49.387901
bgs,Bible_NT,-113.10064,72.709007
beq,Bible_NT,-95.920868,105.88142
bel,Bible_NT,-86.227943,167.95161
bef,Bible_NT,-146.61746,85.708611
bdh,Bible_NT,-142.86169,57.253529
bdd,Bible_NT,-98.917969,130.47603
blw,Bible_NT,-130.17589,99.38781
bci,Bible_NT,-108.61712,78.166527
bbr,Bible_NT,-127.16604,67.920593
bbj,Bible_NT,-104.46674,102.03895
bbb,Bible_NT,-144.50121,74.645996
bba,Bible_NT,-106.73522,76.978966
bao,Bible_NT,-132.62616,75.336243
azz,Bible_NT,-150.60242,85.544403
azg,Bible_NT,-145.96536,82.848312
awb,Bible_NT,-119.10902,100.75027
avt,Bible_NT,-135.05919,72.040665
auy,Bible_NT,-98.342331,172.14719
auc,Bible_NT,-159.66096,63.763985
att,Bible_NT,-142.39833,78.367615
bch,Bible_NT,-120.12643,52.712711
blz,Bible_NT,-106.88857,97.685867
bmh,Bible_NT,-128.52057,58.820274
bmr,Bible_NT,-85.967651,201.46059
cak,Bible_NT,-140.44562,72.697502
caf,Bible_NT,-114.66022,100.23544
cab,Bible_NT,-102.53768,118.49118
caa,Bible_NT,-154.09901,54.781181
bzj,Bible_NT,-119.31458,53.191296
bzh,Bible_NT,-127.38266,76.264175
bzd,Bible_NT,-117.94909,85.578812
byx,Bible_NT,-183.22794,41.901096
byr,Bible_NT,-132.00858,126.34058
bvr,Bible_NT,-135.74556,68.816498
bum,Bible_NT,-102.81982,94.813667
bul,Bible_NT,-96.814728,136.09187
buk,Bible_NT,-123.86609,48.947472
bss,Bible_NT,-120.45055,89.230782
bsn,Bible_NT,-136.72807,93.554375
bsc,Bible_NT,-119.69742,77.168678
bre,Bible_NT,-102.10812,91.571442
bqj,Bible_NT,-111.69335,108.08143
bqc,Bible_NT,-84.432274,138.60902
bps,Bible_NT,-109.86633,96.046616
bpr,Bible_NT,-104.74862,96.2911
box,Bible_NT,-131.87993,59.064091
bon,Bible_NT,-127.45345,65.028572
boj,Bible_NT,-142.47997,69.410034
boa,Bible_NT,-93.01783,150.09483
bnp,Bible_NT,-115.38785,61.926674
bmu,Bible_NT,-144.61058,79.586876
atg,Bible_NT,-116.97125,61.473267
atd,Bible_NT,-139.45486,83.589981
atb,Bible_NT,-143.50209,40.372318
ata,Bible_NT,-126.23983,83.966324
ajz,Bible_NT,-101.23541,119.90916
aji,Bible_NT,-111.08368,68.320824
aim,Bible_NT,-111.15454,107.65122
aii,Bible_NT,-89.812386,162.30775
aia,Bible_NT,-125.39742,55.354851
agt,Bible_NT,-128.46918,92.347992
agr,Bible_NT,-107.90028,155.08061
agn,Bible_NT,-118.30376,94.048317
agm,Bible_NT,-176.58275,96.057152
agg,Bible_NT,-124.68324,109.61991
agd,Bible_NT,-143.46426,65.53524
aey,Bible_NT,-119.26493,94.586395
aeu,Bible_NT,-147.457,46.350063
aeb,Bible_NT,-86.888382,190.703
adl,Bible_NT,-130.59415,95.299492
adj,Bible_NT,-122.46696,66.816383
acu,Bible_NT,-116.50338,114.00072
acr,Bible_NT,-135.81914,60.958603
acf,Bible_NT,-112.51231,76.52552
aby,Bible_NT,-132.59897,69.195602
abx,Bible_NT,-112.497,115.30262
abt,Bible_NT,-156.13557,57.45644
aaz,Bible_NT,-167.08324,56.40773
aau,Bible_NT,-142.17867,59.24752
aak,Bible_NT,-151.90886,79.607971
aai,Bible_NT,-103.21355,114.03382
gng,Bible_NT,-114.4775,85.51207
ake,Bible_NT,-104.68099,102.51289
cao,Bible_NT,-120.56696,102.69427
akh,Bible_NT,-219.59105,33.947086
alp,Bible_NT,-120.11275,76.298241
aso,Bible_NT,-164.50911,68.418976
asg,Bible_NT,-131.19778,57.48177
ary,Bible_NT,-90.466103,178.54279
arn,Bible_NT,-107.85083,106.0728
arl,Bible_NT,-130.72142,104.96489
ara,Bible_NT,-85.422493,251.0531
apz,Bible_NT,-138.78714,79.343239
apy,Bible_NT,-116.23454,92.357414
apw,Bible_NT,-91.843407,148.37639
apu,Bible_NT,-101.92739,138.79295
apt,Bible_NT,-100.41372,120.49511
apr,Bible_NT,-175.44136,49.952118
apn,Bible_NT,-217.48134,51.696461
ape,Bible_NT,-158.49178,74.950661
apb,Bible_NT,-147.15646,50.735008
aom,Bible_NT,-141.79469,85.27359
aoj,Bible_NT,-132.3896,82.851959
anv,Bible_NT,-127.38869,86.915016
amu,Bible_NT,-114.72106,96.133331
amr,Bible_NT,-105.99179,136.28925
amp,Bible_NT,-150.26231,94.487915
amn,Bible_NT,-121.87936,109.00465
amm,Bible_NT,-131.79868,72.565659
amk,Bible_NT,-133.57451,80.245354
amh,Bible_NT,-77.554039,247.17755
ame,Bible_NT,-142.79874,99.291313
alq,Bible_NT,-118.54471,99.922943
ald,Bible_NT,-116.32811,91.579948
cap,Bible_NT,-113.12826,131.08539
agu,Bible_NT,-137.86069,58.169983
car,Bible_NT,-94.818977,111.48388
esi,Bible_NT,-75.783257,288.87128
eri,Bible_NT,-138.00061,57.797531
eng,Bible_NT,-100.39949,98.896675
emp,Bible_NT,-100.08108,107.41881
ell,Bible_NT,-106.24093,115.38413
ebk,Bible_NT,-115.08587,110.55696
dyi,Bible_NT,-132.83897,51.394352
dww,Bible_NT,-113.39079,76.808098
dwr,Bible_NT,-89.491974,172.23088
dur,Bible_NT,-110.20102,63.742035
duo,Bible_NT,-129.63042,92.530106
due,Bible_NT,-118.01218,79.84568
esk,Bible_NT,-74.971329,311.19202
dow,Bible_NT,-108.28416,110.78827
dob,Bible_NT,-100.53989,106.8836
djr,Bible_NT,-176.52602,85.142082
djk,Bible_NT,-144.46704,51.71154
dis,Bible_NT,-106.63543,92.615257
din,Bible_NT,-104.01135,83.179611
dik,Bible_NT,-106.58398,72.625214
dhm,Bible_NT,-100.84161,110.79648
dgz,Bible_NT,-125.19717,66.666359
dgr,Bible_NT,-97.142326,103.90639
dgc,Bible_NT,-114.91933,88.596893
deu,Bible_NT,-113.10107,110.72546
des,Bible_NT,-128.18002,92.801727
dop,Bible_NT,-115.90382,86.275772
est,Bible_NT,-79.658348,176.49133
etu,Bible_NT,-126.21675,51.338428
eus,Bible_NT,-89.478851,181.43979
gle,Bible_NT,-112.52002,96.628181
caq,Bible_NT,-94.189278,108.82993
gkp,Bible_NT,-116.15432,78.982094
giz,Bible_NT,-113.71043,82.660294
gid,Bible_NT,-99.038414,120.135
gfk,Bible_NT,-138.13766,46.416904
geb,Bible_NT,-154.67111,60.451557
gdr,Bible_NT,-154.49312,53.309967
gdn,Bible_NT,-155.90881,59.442284
gdg,Bible_NT,-101.46572,135.9478
gbr,Bible_NT,-106.34945,122.34304
gbi,Bible_NT,-146.54567,82.963043
gaw,Bible_NT,-132.7076,71.614113
gam,Bible_NT,-119.6614,51.464523
gah,Bible_NT,-131.00548,89.195282
fuv,Bible_NT,-94.437126,101.68491
fuq,Bible_NT,-93.864716,103.49617
fuh,Bible_NT,-95.991356,107.32471
fub,Bible_NT,-89.508049,115.73611
fra,Bible_NT,-110.35122,91.308228
for,Bible_NT,-109.82862,147.57962
fon,Bible_NT,-130.5407,58.647823
fin,Bible_NT,-91.578072,188.27437
ffm,Bible_NT,-94.623512,106.02603
fai,Bible_NT,-150.50534,65.503014
faa,Bible_NT,-138.68443,72.489975
ewe,Bible_NT,-126.81441,97.283989
ded,Bible_NT,-101.80179,133.18669
dan,Bible_NT,-111.77217,106.2476
ghs,Bible_NT,-109.52416,106.77596
daa,Bible_NT,-117.71629,92.15213
cmo,Bible_NT,-143.98386,53.022079
cme,Bible_NT,-109.1066,93.35009
clu,Bible_NT,-114.67907,91.832344
cle,Bible_NT,-113.82839,78.963707
ckz,Bible_NT,-157.64258,57.347797
cjv,Bible_NT,-152.40201,46.935043
cjp,Bible_NT,-109.46176,93.274437
cjo,Bible_NT,-98.536613,186.8909
chz,Bible_NT,-112.92576,67.004906
chr,Bible_NT,-80.602844,205.49454
chq,Bible_NT,-108.17355,105.45242
chf,Bible_NT,-130.76596,73.724144
cgc,Bible_NT,-140.85823,73.205101
ces,Bible_NT,-91.698929,167.39333
cco,Bible_NT,-162.43785,64.990158
cbv,Bible_NT,-151.29384,62.286594
zul,Bible_NT,-75.00959,236.99692
cbt,Bible_NT,-100.4908,144.26306
cbs,Bible_NT,-128.83243,104.62728
cbr,Bible_NT,-137.77802,94.042496
cbk,Bible_NT,-139.04439,51.176086
dad,Bible_NT,-106.30123,74.829567
cbi,Bible_NT,-121.96404,102.42769
cbc,Bible_NT,-155.55022,77.621231
cax,Bible_NT,-96.660126,103.4813
cav,Bible_NT,-146.64633,80.342361
cat,Bible_NT,-102.03054,116.8764
cni,Bible_NT,-85.015999,196.88969
cnl,Bible_NT,-116.55823,69.441071
cnh,Bible_NT,-124.71098,68.928284
coe,Bible_NT,-118.11569,115.089
cya,Bible_NT,-110.88137,52.071953
cwe,Bible_NT,-92.575691,117.0111
cux,Bible_NT,-133.03209,73.869011
cut,Bible_NT,-110.93337,61.839264
cul,Bible_NT,-145.27916,82.740883
cuk,Bible_NT,-92.540604,203.50325
cui,Bible_NT,-173.46284,67.500244
cuc,Bible_NT,-94.351212,105.13319
cub,Bible_NT,-139.12172,88.893295
ctu,Bible_NT,-118.34127,71.770752
ctp,Bible_NT,-165.38536,53.675194
cta,Bible_NT,-163.63168,53.894489
cso,Bible_NT,-135.85326,60.290138
cnt,Bible_NT,-105.366,98.038246
csk,Bible_NT,-108.1152,107.00084
crt,Bible_NT,-129.83398,98.317177
crn,Bible_NT,-158.02191,60.921299
cre,Bible_NT,-89.820847,158.98044
cpu,Bible_NT,-82.599518,213.5173
cpc,Bible_NT,-79.227348,220.88576
cpb,Bible_NT,-78.230591,224.61772
cpa,Bible_NT,-98.569466,95.037697
cot,Bible_NT,-95.791222,200.2258
crx,Bible_NT,-117.37164,95.998558
cor,Bible_NT,-97.207214,105.50327
cop,Bible_NT,-84.483406,192.55757
con,Bible_NT,-97.768364,137.94766
cof,Bible_NT,-119.55502,102.9362
fin,ECB,-92.437172,110.46925
nld,ECB,-104.5594,105.37382
por,ECB,-113.41492,101.68418
pol,ECB,-104.89175,106.36401
spa,ECB,-114.32086,103.09467
ita,ECB,-115.52464,102.05641
est,ECB,-88.125198,109.89761
lit,ECB,-97.697952,107.67165
dan,ECB,-96.68708,104.11143
slv,ECB,-102.5547,104.71864
lav,ECB,-92.713425,111.76554
deu,ECB,-100.36983,104.12651
slk,ECB,-103.24612,104.87225
mlt,ECB,-107.21732,105.48882
fra,ECB,-118.87255,100.08278
eng,ECB,-100,100
ces,ECB,-101.4473,105.87491
hun,ECB,-97.464218,116.08286
ell,ECB,-121.38306,108.45451
pol,EMA,-109.21005,100.88701
ell,EMA,-112.99825,102.38736
slk,EMA,-107.66367,102.29042
swe,EMA,-95.656982,102.24523
slv,EMA,-109.13167,102.09448
deu,EMA,-95.578842,103.84575
fin,EMA,-91.994492,106.32063
lit,EMA,-97.36525,102.54346
por,EMA,-111.80038,99.277725
dan,EMA,-94.078789,103.15659
spa,EMA,-110.93592,100.44481
eng,EMA,-100,100
ces,EMA,-108.26941,101.7501
hun,EMA,-101.62437,102.36706
fra,EMA,-116.63918,99.220825
ita,EMA,-115.11697,99.49408
est,EMA,-94.317917,104.47765
mlt,EMA,-120.25238,99.018127
nld,EMA,-102.00974,103.48981
lav,EMA,-100.06587,102.28539
bul,EMA,-103.99036,101.80813
ron,EMA,-110.21959,100.24744
slk,EU_Bookshop,-105.40543,102.04674
swe,EU_Bookshop,-99.365784,103.23008
nld,EU_Bookshop,-104.90222,102.54229
por,EU_Bookshop,-111.18647,99.001694
ell,EU_Bookshop,-86.068024,101.71149
mlt,EU_Bookshop,-101.64936,104.02149
hun,EU_Bookshop,-99.86142,106.36135
spa,EU_Bookshop,-112.42493,99.611786
pol,EU_Bookshop,-106.5203,100.742
deu,EU_Bookshop,-95.754189,102.34229
fra,EU_Bookshop,-112.37482,98.329422
ron,EU_Bookshop,-113.41161,98.228729
gle,EU_Bookshop,-115.1439,98.708763
lit,EU_Bookshop,-99.255661,102.79784
eng,EU_Bookshop,-100,100
bul,EU_Bookshop,-92.831795,102.8534
ita,EU_Bookshop,-110.80845,98.556793
fin,EU_Bookshop,-91.054573,104.27988
lav,EU_Bookshop,-98.848907,104.74251
dan,EU_Bookshop,-100.42592,102.55779
slv,EU_Bookshop,-104.45825,101.23803
ces,EU_Bookshop,-103.47188,101.91093
est,EU_Bookshop,-92.551857,107.29006
fra,EU_DGT,-114.0758,96.727188
slv,EU_DGT,-102.86845,99.376953
hun,EU_DGT,-101.30984,98.55555
deu,EU_DGT,-100.51504,100.93657
por,EU_DGT,-110.88499,96.960045
lit,EU_DGT,-99.945961,99.14257
ell,EU_DGT,-115.28929,99.161835
spa,EU_DGT,-112.27149,98.103943
fin,EU_DGT,-92.554474,100.62048
eng,EU_DGT,-100,100
ita,EU_DGT,-110.80312,96.366982
ron,EU_DGT,-111.96895,97.314865
bul,EU_DGT,-108.81837,99.402542
est,EU_DGT,-91.471085,101.18324
bos,EU_DGT,-104.15277,101.44114
mlt,EU_DGT,-103.13279,99.291245
lav,EU_DGT,-97.626457,100.67517
swe,EU_DGT,-96.976624,100.38482
slk,EU_DGT,-106.10128,98.657303
pol,EU_DGT,-107.68503,98.250168
dan,EU_DGT,-96.785988,100.50092
nld,EU_DGT,-102.58349,101.77438
ces,EU_DGT,-104.61333,98.692795
deu,EU_JRC,-98.095428,102.16584
nld,EU_JRC,-102.50684,101.2377
ces,EU_JRC,-101.64513,98.396118
ita,EU_JRC,-109.21015,97.083786
pol,EU_JRC,-104.88694,97.938568
por,EU_JRC,-110.3952,97.318298
eng,EU_JRC,-100,100
ron,EU_JRC,-105.39455,98.541451
swe,EU_JRC,-95.807655,101.83016
lav,EU_JRC,-94.484039,101.73858
spa,EU_JRC,-112.83898,98.22403
est,EU_JRC,-86.817802,104.72478
hun,EU_JRC,-96.890236,102.01048
dan,EU_JRC,-96.680275,101.92474
fra,EU_JRC,-111.79274,97.045235
lit,EU_JRC,-95.701775,100.82758
ron,EuroParl,-110.37668,99.123024
bul,EuroParl,-103.55792,99.220963
est,EuroParl,-91.617149,103.87367
ita,EuroParl,-106.94106,98.96524
deu,EuroParl,-103.10555,100.95832
fin,EuroParl,-90.230812,103.18403
lit,EuroParl,-93.939781,100.7249
swe,EuroParl,-97.945976,102.11829
slv,EuroParl,-98.706253,99.89621
ell,EuroParl,-111.53601,99.047935
ces,EuroParl,-101.88915,100.23647
por,EuroParl,-107.82306,99.697746
hun,EuroParl,-100.1071,102.51128
fra,EuroParl,-110.37399,98.691849
pol,EuroParl,-103.37582,99.320908
spa,EuroParl,-107.16283,99.887596
nld,EuroParl,-103.83138,100.65218
dan,EuroParl,-97.533958,101.7549
lav,EuroParl,-94.598137,99.989273
eng,EuroParl,-100,100
slk,EuroParl,-102.32709,99.506073
eng,GNOME,-100,100
guj,GNOME,-116.84554,99.58046
eus,GNOME,-99.62043,111.72158
zsm,GNOME,-94.471359,95.933784
ita,GNOME,-110.66032,98.430328
nep,GNOME,-108.32449,103.69444
ben,GNOME,-115.14241,96.748703
fra,GNOME,-117.43839,95.922348
nob,GNOME,-101.20866,104.50523
nld,GNOME,-102.11921,106.3584
hun,KDE,-112.46335,107.39964
xho,KDE,-106.56524,101.85956
tam,KDE,-110.96805,108.76859
kor,KDE,-106.06655,105.00669
cym,KDE,-111.16948,91.818504
pan,KDE,-113.78375,90.433037
ces,KDE,-111.53846,102.86803
ita,KDE,-115.96159,98.502571
isl,KDE,-106.55663,101.58345
pes,KDE,-121.79609,91.409447
gle,KDE,-119.51769,92.429123
bos,KDE,-117.3651,101.15131
rus,KDE,-106.34023,102.38841
eng,KDE,-100,100
tgk,KDE,-121.49925,99.993813
cmn,KDE,-129.48337,93.550484
deu,KDE,-105.81836,105.57563
heb,KDE,-112.88552,102.53903
arb,KDE,-111.95618,104.59433
ron,KDE,-117.48995,97.624855
cat,KDE,-126.02438,96.391022
fra,KDE,-121.94031,98.119919
est,KDE,-96.838631,109.90759
lit,KDE,-112.40884,103.5003
swe,KDE,-105.66867,103.76313
khm,KDE,-65.326797,125.71817
por,KDE,-118.41471,98.369484
bre,KDE,-107.83611,87.286705
jpn,KDE,-130.32733,94.779282
afr,KDE,-105.28823,91.48307
pol,KDE,-111.2908,101.63302
zsm,KDE,-100.64553,92.516319
hin,KDE,-122.88837,90.956825
epo,KDE,-106.41481,99.454514
glg,KDE,-121.19956,98.395248
slv,KDE,-116.32497,103.15843
kaz,KDE,-108.86071,107.19286
bel,KDE,-101.47528,101.60272
nob,KDE,-113.72419,95.787468
fin,KDE,-103.99527,111.28737
ukr,KDE,-119.13802,99.277672
ell,KDE,-124.4903,94.439018
spa,KDE,-117.145,99.635002
dan,KDE,-107.8884,104.36967
nep,KDE,-115.14169,96.727226
nld,KDE,-107.05637,105.00189
mkd,KDE,-119.1179,95.80471
eus,KDE,-114.27255,104.35255
lav,KDE,-109.78969,107.18562
bul,KDE,-111.76398,97.216713
slk,KDE,-113.84274,102.53128
tur,KDE,-113.7528,109.6389
hne,KDE,-124.38104,90.499413
nds,KDE,-112.48918,99.601662
ces,News11,-105.92962,101.86718
arb,News11,-153.52991,94.399788
rus,News11,-107.85651,99.065239
fra,News11,-114.61671,93.224319
deu,News11,-107.08881,99.213623
cmn,News11,-132.53516,95.3396
spa,News11,-111.60471,94.268951
eng,News11,-100,100
eng,News9,-100,100
fra,News9,-116.40135,97.722374
rus,News9,-109.25933,104.30088
cmn,News9,-137.16248,98.534554
arb,News9,-123.62679,101.12794
deu,News9,-109.24772,104.65269
ces,News9,-108.48123,107.57937
spa,News9,-113.80532,99.485649
est,ParaCrawl,-97.019745,102.1055
lav,ParaCrawl,-95.858871,110.00397
fra,ParaCrawl,-111.86907,97.782471
ita,ParaCrawl,-106.57946,99.520836
spa,ParaCrawl,-106.6842,100.08029
deu,ParaCrawl,-102.69014,103.51932
por,ParaCrawl,-105.18227,99.56382
pol,ParaCrawl,-102.16182,101.24142
ces,ParaCrawl,-104.15569,92.990585
ron,ParaCrawl,-104.15832,101.56316
nld,ParaCrawl,-103.00882,102.25452
fin,ParaCrawl,-90.868393,112.63131
rus,ParaCrawl,-98.918625,104.07259
eng,ParaCrawl,-100,100
ces,Subs16,-97.616905,106.79826
nld,Subs16,-92.170059,103.80462
ell,Subs16,-96.949532,106.6153
fra,Subs16,-97.944534,99.274384
ind,Subs16,-89.379982,104.40088
sin,Subs16,-104.55441,107.63877
ben,Subs16,-105.53232,109.62951
arb,Subs16,-107.22974,115.20421
por,Subs16,-94.785088,100.3709
kat,Subs16,-94.311928,109.67909
ita,Subs16,-101.12888,100.08292
est,Subs16,-94.060097,106.57407
heb,Subs16,-94.850327,109.38371
rus,Subs16,-99.706001,108.04223
nob,Subs16,-85.878922,104.82646
zsm,Subs16,-90.177742,102.63442
cat,Subs16,-100.18938,99.126762
kor,Subs16,-97.461998,123.15968
bos,Subs16,-95.980858,108.15858
pol,Subs16,-90.435143,110.24471
deu,Subs16,-100.77484,101.18897
eus,Subs16,-88.614738,104.69745
slv,Subs16,-88.590073,106.77283
fin,Subs16,-78.340607,116.06975
pes,Subs16,-113.5565,102.16103
glg,Subs16,-96.894646,104.07884
cmn,Subs16,-110.5033,110.17178
tur,Subs16,-92.777496,115.95721
dan,Subs16,-87.168831,105.07537
jpn,Subs16,-104.78053,102.32333
eng,Subs16,-100,100
ron,Subs16,-102.27682,102.43415
lav,Subs16,-91.153496,111.15137
slk,Subs16,-98.701447,105.98506
lit,Subs16,-90.070366,109.7434
aln,Subs16,-102.49978,104.12633
bul,Subs16,-92.147995,106.42802
vie,Subs16,-118.36371,100.86317
ukr,Subs16,-104.48016,105.32855
mal,Subs16,-94.748657,128.10983
epo,Subs16,-97.765244,106.16578
swe,Subs16,-85.542282,106.89095
hun,Subs16,-92.310654,116.59912
isl,Subs16,-94.131874,104.29054
mkd,Subs16,-93.231705,102.35647
ell,Subs18,-97.153114,106.03255
est,Subs18,-93.058243,107.0463
pes,Subs18,-115.21323,102.73589
nld,Subs18,-92.569069,103.71736
glg,Subs18,-97.095535,103.41553
sin,Subs18,-105.30762,106.10353
bos,Subs18,-96.604393,107.51109
lit,Subs18,-90.614861,109.41608
ces,Subs18,-97.43364,106.50503
mal,Subs18,-95.954399,126.67212
kor,Subs18,-96.098976,118.18472
tur,Subs18,-92.855049,116.07343
lav,Subs18,-90.87944,110.09102
bul,Subs18,-92.457291,106.43757
slk,Subs18,-98.517769,106.35072
ukr,Subs18,-103.40189,105.55044
heb,Subs18,-95.223969,109.13065
por,Subs18,-94.362381,99.979797
spa,Subs18,-100.08155,101.27918
slv,Subs18,-88.379189,106.34212
mkd,Subs18,-93.636566,102.73855
isl,Subs18,-95.916649,104.18128
eng,Subs18,-100,100
arb,Subs18,-107.69792,115.07123
vie,Subs18,-117.34634,101.47533
kat,Subs18,-96.074432,108.57986
jpn,Subs18,-107.65997,102.49857
hin,Subs18,-114.26654,96.847771
fin,Subs18,-77.877739,115.98897
nob,Subs18,-85.75293,105.15838
hun,Subs18,-92.399063,116.45991
rus,Subs18,-98.980965,107.87998
ron,Subs18,-102.93226,102.25471
deu,Subs18,-99.469307,100.84528
ind,Subs18,-89.734566,104.2348
epo,Subs18,-99.261017,106.03648
fra,Subs18,-98.285561,99.365852
eus,Subs18,-86.113144,105.16093
ben,Subs18,-104.97359,104.35034
aln,Subs18,-103.30158,104.36366
ita,Subs18,-101.12827,99.216385
dan,Subs18,-86.78421,105.4754
cat,Subs18,-100.45473,99.443932
pol,Subs18,-90.307869,109.2935
zsm,Subs18,-90.646423,102.38061
swe,Subs18,-85.084137,107.067
pol,TED,-93.48188,113.11199
fra,TED,-109.68162,97.058144
nld,TED,-97.07695,105.17458
pes,TED,-131.71094,98.522415
por,TED,-102.01954,98.402344
deu,TED,-102.16468,104.12669
cmn,TED,-108.42931,102.21204
rus,TED,-101.27676,108.72879
ita,TED,-102.98847,98.713806
arb,TED,-107.14194,114.50437
ron,TED,-106.91034,103.03153
tur,TED,-93.714539,122.98805
spa,TED,-101.32498,100.44877
eng,TED,-100,100
ita,Tatoeba,-104.92961,104.34955
fra,Tatoeba,-112.13203,99.894402
rus,Tatoeba,-99.403824,116.74425
tur,Tatoeba,-91.724342,124.47618
spa,Tatoeba,-103.49638,104.17294
heb,Tatoeba,-94.758659,119.39725
eng,Tatoeba,-100,100
por,Tatoeba,-103.29245,102.5079
epo,Tatoeba,-98.332901,109.68896
jpn,Tatoeba,-133.07745,103.5063
rus,UN,-108.14354,100.4705
fra,UN,-116.90073,98.75132
eng,UN,-100,100
deu,UN,-98.312386,101.18381
cmn,UN,-103.18108,103.63406
arb,UN,-112.37345,101.28726
spa,UN,-115.63663,100.26906
